{"cameraMode":{"drawMode":0,"name":"Shaded","section":"Shading Mode"},"sceneLighting":false,"audioPlay":false,"sceneViewState":{"showFog":true,"showMaterialUpdate":false,"showSkybox":false,"showFlares":true,"showImageEffects":true,"showParticleSystems":true},"in2DMode":false,"pivot":{"x":65.30000305175781,"y":10.100000381469727,"z":-146.64999389648438},"rotation":{"x":-0.24738186597824098,"y":0.6164574027061462,"z":-0.212803453207016,"w":-0.7166107892990112},"size":609.5311279296875,"orthographic":false}