{"cameraMode":{"drawMode":0,"name":"Shaded","section":"Shading Mode"},"sceneLighting":false,"audioPlay":false,"sceneViewState":{"showFog":true,"showMaterialUpdate":false,"showSkybox":false,"showFlares":true,"showImageEffects":true,"showParticleSystems":true},"in2DMode":false,"pivot":{"x":-0.006138913333415985,"y":1.5299999713897706,"z":0.004427030682563782},"rotation":{"x":-0.07128957659006119,"y":-0.9138332605361939,"z":0.18333804607391358,"w":-0.3552875518798828},"size":0.9322084188461304,"orthographic":false}