{"cameraMode":{"drawMode":0,"name":"Shaded","section":"Shading Mode"},"sceneLighting":true,"audioPlay":false,"sceneViewState":{"showFog":true,"showMaterialUpdate":false,"showSkybox":false,"showFlares":true,"showImageEffects":true,"showParticleSystems":true},"in2DMode":false,"pivot":{"x":-3.445162057876587,"y":-8.033788681030274,"z":-5.587777137756348},"rotation":{"x":0.2414921373128891,"y":-0.7473689317703247,"z":0.3568812906742096,"w":0.5057243704795837},"size":20.22937774658203,"orthographic":false}