{"cameraMode":{"drawMode":0,"name":"Shaded","section":"Shading Mode"},"sceneLighting":false,"audioPlay":false,"sceneViewState":{"showFog":true,"showMaterialUpdate":false,"showSkybox":false,"showFlares":true,"showImageEffects":true,"showParticleSystems":true},"in2DMode":false,"pivot":{"x":82.14342498779297,"y":-86.28424835205078,"z":16.188583374023439},"rotation":{"x":-0.46465742588043215,"y":0.14798957109451295,"z":-0.07909193634986878,"w":-0.8694490790367127},"size":209.38804626464845,"orthographic":false}