{"cameraMode":{"drawMode":0,"name":"Shaded","section":"Shading Mode"},"sceneLighting":true,"audioPlay":false,"sceneViewState":{"showFog":true,"showMaterialUpdate":false,"showSkybox":false,"showFlares":true,"showImageEffects":true,"showParticleSystems":true},"in2DMode":false,"pivot":{"x":-9.617524147033692,"y":-69.92876434326172,"z":-933.7704467773438},"rotation":{"x":-0.06338486820459366,"y":-0.9123397469520569,"z":0.15473252534866334,"w":-0.37375083565711977},"size":1610.6778564453125,"orthographic":false}