{"cameraMode":{"drawMode":0,"name":"Shaded","section":"Shading Mode"},"sceneLighting":false,"audioPlay":false,"sceneViewState":{"showFog":true,"showMaterialUpdate":false,"showSkybox":false,"showFlares":true,"showImageEffects":true,"showParticleSystems":true},"in2DMode":false,"pivot":{"x":-6.250002384185791,"y":0.928889274597168,"z":-3.7499983310699465},"rotation":{"x":0.01887623965740204,"y":0.9659440517425537,"z":-0.24748267233371736,"w":0.07387275248765946},"size":15.762216567993164,"orthographic":true}