{"cameraMode":{"drawMode":0,"name":"Shaded","section":"Shading Mode"},"sceneLighting":true,"audioPlay":false,"sceneViewState":{"showFog":true,"showMaterialUpdate":false,"showSkybox":false,"showFlares":true,"showImageEffects":true,"showParticleSystems":true},"in2DMode":false,"pivot":{"x":-2.720771551132202,"y":0.32963401079177859,"z":2.1754884719848635},"rotation":{"x":-0.08567177504301071,"y":0.31113743782043459,"z":-0.02818409726023674,"w":-0.9460956454277039},"size":5.631864070892334,"orthographic":false}