{"cameraMode":{"drawMode":0,"name":"Shaded","section":"Shading Mode"},"sceneLighting":false,"audioPlay":false,"sceneViewState":{"showFog":true,"showMaterialUpdate":false,"showSkybox":false,"showFlares":true,"showImageEffects":true,"showParticleSystems":true},"in2DMode":false,"pivot":{"x":7.9697771072387699,"y":3.5141663551330568,"z":-0.8185147047042847},"rotation":{"x":0.0886828675866127,"y":-0.015255357138812542,"z":0.0013554078759625555,"w":0.995949923992157},"size":14.002500534057618,"orthographic":false}