{"cameraMode":{"drawMode":0,"name":"Shaded","section":"Shading Mode"},"sceneLighting":false,"audioPlay":false,"sceneViewState":{"showFog":true,"showMaterialUpdate":false,"showSkybox":false,"showFlares":true,"showImageEffects":true,"showParticleSystems":true},"in2DMode":false,"pivot":{"x":0.06279873847961426,"y":4.499999046325684,"z":-0.2521817684173584},"rotation":{"x":-0.0390935018658638,"y":0.9155206680297852,"z":-0.09274940937757492,"w":-0.38973888754844668},"size":5.500846862792969,"orthographic":true}