{"cameraMode":{"drawMode":0,"name":"Shaded","section":"Shading Mode"},"sceneLighting":false,"audioPlay":false,"sceneViewState":{"showFog":true,"showMaterialUpdate":false,"showSkybox":false,"showFlares":true,"showImageEffects":true,"showParticleSystems":true},"in2DMode":false,"pivot":{"x":4.688468933105469,"y":-0.006047606468200684,"z":-0.6717126369476318},"rotation":{"x":-0.006935250945389271,"y":0.9850318431854248,"z":-0.16737335920333863,"w":-0.04079049453139305},"size":5.500845432281494,"orthographic":false}