{"cameraMode":{"drawMode":0,"name":"Shaded","section":"Shading Mode"},"sceneLighting":false,"audioPlay":false,"sceneViewState":{"showFog":true,"showMaterialUpdate":false,"showSkybox":false,"showFlares":true,"showImageEffects":true,"showParticleSystems":true},"in2DMode":false,"pivot":{"x":1.4941422939300538,"y":2.760640859603882,"z":-1.9976730346679688},"rotation":{"x":-0.006935250945389271,"y":0.9850318431854248,"z":-0.16737335920333863,"w":-0.04079049453139305},"size":15.405838966369629,"orthographic":false}